img_file,csv_file,time_diff_sec,timestamp,split,actual_wear,raw_prediction,absolute_error,linear_calibrated_wear,isotonic_calibrated_wear
File_name_2022-09-09T13_42_21.698185.jpg,File_name_2022-09-09T13_42_22.323924.csv,46.895404,2022-09-09 13:42:21.698185,TRAIN,3.7610307,3.4836032,0.27742743,,
File_name_2022-09-09T13_57_28.118460.jpg,File_name_2022-09-09T13_57_28.734803.csv,36.577394,2022-09-09 13:57:28.118460,TRAIN,3.690272,3.4193122,0.27095985,,
File_name_2022-09-09T14_02_11.912597.jpg,File_name_2022-09-09T14_02_12.498379.csv,35.506096,2022-09-09 14:02:11.912597,TRAIN,3.8059628,3.5070689,0.29889393,,
File_name_2022-09-09T14_06_06.154768.jpg,File_name_2022-09-09T14_06_06.752937.csv,32.700735,2022-09-09 14:06:06.154768,TRAIN,3.8003387,3.5060241,0.29431462,,
File_name_2022-09-09T14_15_05.378030.jpg,File_name_2022-09-09T14_15_05.957496.csv,26.298696,2022-09-09 14:15:05.378030,TRAIN,3.713181,3.4955745,0.21760654,,
File_name_2022-09-12T08_48_35.215462.jpg,File_name_2022-09-12T08_51_42.461515.csv,220.305726,2022-09-12 08:48:35.215462,TRAIN,3.5610585,3.4322927,0.12876582,,
File_name_2022-09-12T08_56_24.608623.jpg,File_name_2022-09-12T08_56_25.188628.csv,28.371279,2022-09-12 08:56:24.608623,TRAIN,3.4654229,3.3845804,0.080842495,,
File_name_2022-09-12T08_58_49.608028.jpg,File_name_2022-09-12T08_58_50.170371.csv,29.65675,2022-09-12 08:58:49.608028,TRAIN,3.3958108,3.3678224,0.027988434,,
File_name_2022-09-12T09_01_08.354120.jpg,File_name_2022-09-12T09_01_08.946933.csv,29.54738,2022-09-12 09:01:08.354120,TRAIN,3.4267368,3.3752015,0.051535368,,
File_name_2022-09-12T09_07_01.374915.jpg,File_name_2022-09-12T09_07_01.956081.csv,26.091484,2022-09-12 09:07:01.374915,TRAIN,3.413698,3.3522527,0.061445236,,
File_name_2022-09-12T09_09_06.767793.jpg,File_name_2022-09-12T09_09_07.367746.csv,27.257661,2022-09-12 09:09:06.767793,TRAIN,3.3795886,3.3650613,0.014527321,,
File_name_2022-09-12T09_11_05.081835.jpg,File_name_2022-09-12T09_11_05.673758.csv,28.637832,2022-09-12 09:11:05.081835,TRAIN,3.4271274,3.363874,0.0632534,,
File_name_2022-09-12T09_13_13.903865.jpg,File_name_2022-09-12T09_13_14.477807.csv,33.658736,2022-09-12 09:13:13.903865,TRAIN,3.4352956,3.350797,0.084498644,,
File_name_2022-09-12T09_15_22.776469.jpg,File_name_2022-09-12T09_15_23.363035.csv,28.747035,2022-09-12 09:15:22.776469,TRAIN,3.3126464,3.342595,0.029948711,,
File_name_2022-09-12T09_19_27.119246.jpg,File_name_2022-09-12T09_19_27.713992.csv,28.484633,2022-09-12 09:19:27.119246,TRAIN,3.241069,3.282337,0.04126787,,
File_name_2022-09-12T09_21_26.862444.jpg,File_name_2022-09-12T09_21_27.462389.csv,29.210756,2022-09-12 09:21:26.862444,TRAIN,3.2174735,3.2710402,0.053566694,,
File_name_2022-09-12T09_23_33.156362.jpg,File_name_2022-09-12T09_23_33.746720.csv,28.847666,2022-09-12 09:23:33.156362,TRAIN,3.2035203,3.2592037,0.055683374,,
File_name_2022-09-12T09_25_39.907591.jpg,File_name_2022-09-12T09_25_40.480786.csv,29.022303,2022-09-12 09:25:39.907591,TRAIN,3.1513073,3.210685,0.05937767,,
File_name_2022-09-12T09_27_47.208839.jpg,File_name_2022-09-12T09_27_47.808772.csv,27.738406,2022-09-12 09:27:47.208839,TRAIN,3.0864685,3.1474106,0.060942173,,
File_name_2022-09-12T09_29_54.957312.jpg,File_name_2022-09-12T09_29_55.567305.csv,28.961036,2022-09-12 09:29:54.957312,TRAIN,3.0291452,3.0984154,0.069270134,,
File_name_2022-09-12T09_31_53.575470.jpg,File_name_2022-09-12T09_31_54.159555.csv,27.706291,2022-09-12 09:31:53.575470,TRAIN,3.0460272,3.1250196,0.07899237,,
File_name_2022-09-12T09_33_53.019030.jpg,File_name_2022-09-12T09_33_53.610398.csv,29.128551,2022-09-12 09:33:53.019030,TRAIN,3.0617921,3.141186,0.07939386,,
File_name_2022-09-12T09_35_53.774433.jpg,File_name_2022-09-12T09_35_54.356163.csv,28.3486,2022-09-12 09:35:53.774433,TRAIN,3.020488,3.0211535,0.00066542625,,
File_name_2022-09-12T09_37_59.040002.jpg,File_name_2022-09-12T09_37_59.637304.csv,28.718805,2022-09-12 09:37:59.040002,TRAIN,3.004864,3.020501,0.01563692,,
File_name_2022-09-12T09_40_04.994651.jpg,File_name_2022-09-12T09_40_05.552384.csv,28.995708,2022-09-12 09:40:04.994651,TRAIN,3.0141838,3.064998,0.05081415,,
File_name_2022-09-12T09_43_25.093329.jpg,File_name_2022-09-12T09_43_25.715700.csv,28.999424,2022-09-12 09:43:25.093329,TRAIN,3.0113113,3.123238,0.111926794,,
File_name_2022-09-12T09_45_42.365918.jpg,File_name_2022-09-12T09_45_42.948646.csv,28.359919,2022-09-12 09:45:42.365918,TRAIN,2.9776423,3.1113837,0.13374138,,
File_name_2022-09-12T09_48_02.084125.jpg,File_name_2022-09-12T09_48_02.664118.csv,28.517637,2022-09-12 09:48:02.084125,TRAIN,2.9708853,3.0608375,0.08995223,,
File_name_2022-09-12T09_50_08.776597.jpg,File_name_2022-09-12T09_50_09.386842.csv,27.969198,2022-09-12 09:50:08.776597,TRAIN,3.011806,3.0648668,0.05306077,,
File_name_2022-09-12T09_55_46.480199.jpg,File_name_2022-09-12T09_55_47.077236.csv,29.059324,2022-09-12 09:55:46.480199,TRAIN,2.9634202,3.0208137,0.05739355,,
File_name_2022-09-12T09_57_53.744816.jpg,File_name_2022-09-12T09_57_54.326257.csv,28.579817,2022-09-12 09:57:53.744816,TRAIN,2.9712255,3.0334094,0.062183857,,
File_name_2022-09-12T10_00_09.412641.jpg,File_name_2022-09-12T10_00_09.993241.csv,29.073111,2022-09-12 10:00:09.412641,TRAIN,3.0014274,3.0685618,0.06713438,,
File_name_2022-09-12T10_02_21.069953.jpg,File_name_2022-09-12T10_02_21.649951.csv,28.046025,2022-09-12 10:02:21.069953,TRAIN,3.0189567,3.0195925,0.00063586235,,
File_name_2022-09-12T10_04_31.397782.jpg,File_name_2022-09-12T10_04_31.999435.csv,28.843276,2022-09-12 10:04:31.397782,TRAIN,3.0101504,3.0526414,0.04249096,,
File_name_2022-09-12T10_07_37.321185.jpg,File_name_2022-09-12T10_07_37.901149.csv,28.767371,2022-09-12 10:07:37.321185,TRAIN,2.966663,3.0057237,0.03906083,,
File_name_2022-09-12T10_09_37.545252.jpg,File_name_2022-09-12T10_09_38.136559.csv,27.564297,2022-09-12 10:09:37.545252,TRAIN,2.9646697,2.9019368,0.062732935,,
File_name_2022-09-12T10_11_38.191326.jpg,File_name_2022-09-12T10_11_38.761891.csv,28.063738,2022-09-12 10:11:38.191326,TRAIN,2.9397755,2.7968028,0.14297271,,
File_name_2022-09-12T10_15_36.860270.jpg,File_name_2022-09-12T10_15_37.432777.csv,25.363762,2022-09-12 10:15:36.860270,TRAIN,2.1480849,2.2788217,0.13073683,,
File_name_2022-09-12T10_17_32.840578.jpg,File_name_2022-09-12T10_17_33.400874.csv,28.863041,2022-09-12 10:17:32.840578,TRAIN,2.8886728,2.878751,0.009921789,,
File_name_2022-09-12T10_22_29.720753.jpg,File_name_2022-09-12T10_22_30.301521.csv,28.927391,2022-09-12 10:22:29.720753,TRAIN,2.944362,2.92879,0.015571833,,
File_name_2022-09-12T10_24_30.460812.jpg,File_name_2022-09-12T10_24_31.084273.csv,29.54598,2022-09-12 10:24:30.460812,TRAIN,2.986865,2.9351723,0.051692724,,
File_name_2022-09-12T10_26_43.266454.jpg,File_name_2022-09-12T10_26_43.828734.csv,29.749145,2022-09-12 10:26:43.266454,TRAIN,2.9282112,2.905138,0.023073196,,
File_name_2022-09-12T10_28_49.915862.jpg,File_name_2022-09-12T10_28_50.508733.csv,27.711589,2022-09-12 10:28:49.915862,TRAIN,2.8994448,2.787236,0.11220884,,
File_name_2022-09-12T10_35_38.805281.jpg,File_name_2022-09-12T10_35_39.400891.csv,28.475454,2022-09-12 10:35:38.805281,TRAIN,2.9917166,2.9987268,0.0070102215,,
File_name_2022-09-12T10_38_15.485895.jpg,File_name_2022-09-12T10_38_16.077886.csv,28.757011,2022-09-12 10:38:15.485895,TRAIN,2.9929476,2.9739633,0.018984318,,
File_name_2022-09-12T10_40_27.461151.jpg,File_name_2022-09-12T10_40_28.051117.csv,28.170661,2022-09-12 10:40:27.461151,TRAIN,3.0242589,2.9281957,0.09606314,,
File_name_2022-09-12T10_42_44.422955.jpg,File_name_2022-09-12T10_42_45.013967.csv,28.994179,2022-09-12 10:42:44.422955,TRAIN,3.0231745,3.0039868,0.019187689,,
File_name_2022-09-12T10_44_54.513060.jpg,File_name_2022-09-12T10_44_55.093985.csv,28.886788,2022-09-12 10:44:54.513060,TRAIN,2.9672694,2.9666286,0.00064086914,,
File_name_2022-09-12T10_47_36.153923.jpg,File_name_2022-09-12T10_47_36.734607.csv,28.594983,2022-09-12 10:47:36.153923,TRAIN,3.0149937,3.0188642,0.0038704872,,
File_name_2022-09-12T10_49_52.528862.jpg,File_name_2022-09-12T10_49_53.101154.csv,28.526849,2022-09-12 10:49:52.528862,TRAIN,3.031601,3.0478604,0.016259432,,
File_name_2022-09-12T10_52_21.549672.jpg,File_name_2022-09-12T10_52_22.132837.csv,28.846997,2022-09-12 10:52:21.549672,TRAIN,3.02358,2.9910376,0.032542467,,
File_name_2022-09-12T10_56_21.081558.jpg,File_name_2022-09-12T10_56_21.671564.csv,28.367668,2022-09-12 10:56:21.081558,TRAIN,2.9506185,3.0010984,0.05047989,,
File_name_2022-09-12T11_15_33.164581.jpg,File_name_2022-09-12T11_15_33.765240.csv,28.829595,2022-09-12 11:15:33.164581,TRAIN,2.9496095,2.9807284,0.03111887,,
File_name_2022-09-12T11_18_38.855398.jpg,File_name_2022-09-12T11_18_39.428489.csv,29.264945,2022-09-12 11:18:38.855398,TRAIN,3.0064795,3.0638206,0.0573411,,
File_name_2022-09-12T11_20_44.197511.jpg,File_name_2022-09-12T11_20_44.789230.csv,29.05655,2022-09-12 11:20:44.197511,TRAIN,3.026086,3.0185654,0.0075206757,,
File_name_2022-09-12T11_23_05.738431.jpg,File_name_2022-09-12T11_23_06.320535.csv,28.393892,2022-09-12 11:23:05.738431,TRAIN,3.0466344,3.0417416,0.004892826,,
File_name_2022-09-12T11_25_10.039039.jpg,File_name_2022-09-12T11_25_10.630442.csv,28.889675,2022-09-12 11:25:10.039039,TRAIN,3.0446246,3.0140378,0.03058672,,
File_name_2022-09-12T11_27_14.233570.jpg,File_name_2022-09-12T11_27_14.833621.csv,28.793125,2022-09-12 11:27:14.233570,TRAIN,3.1270204,3.098808,0.028212309,,
File_name_2022-09-12T11_29_27.083333.jpg,File_name_2022-09-12T11_29_27.691387.csv,28.416579,2022-09-12 11:29:27.083333,TRAIN,3.1250796,3.0912006,0.03387904,,
File_name_2022-09-12T11_33_32.056391.jpg,File_name_2022-09-12T11_33_32.649723.csv,29.020674,2022-09-12 11:33:32.056391,TRAIN,3.1095273,3.0773025,0.032224894,,
File_name_2022-09-12T11_35_44.686279.jpg,File_name_2022-09-12T11_35_45.256277.csv,29.279954,2022-09-12 11:35:44.686279,TRAIN,3.077615,3.0932763,0.01566124,,
File_name_2022-09-12T11_41_52.291108.jpg,File_name_2022-09-12T11_41_52.881742.csv,29.474334,2022-09-12 11:41:52.291108,TRAIN,3.1238682,3.1152174,0.00865078,,
File_name_2022-09-12T11_44_06.742034.jpg,File_name_2022-09-12T11_44_07.323568.csv,28.752594,2022-09-12 11:44:06.742034,TRAIN,3.1552603,3.0939918,0.061268568,,
File_name_2022-09-12T11_46_30.970245.jpg,File_name_2022-09-12T11_46_31.560248.csv,29.130222,2022-09-12 11:46:30.970245,TRAIN,3.1688957,3.1090786,0.059817076,,
File_name_2022-09-12T11_48_45.804052.jpg,File_name_2022-09-12T11_48_46.384767.csv,29.020414,2022-09-12 11:48:45.804052,VALIDATION,3.1416757,3.102504,0.039171696,3.3105531611319683,3.204179511111111
File_name_2022-09-12T11_53_24.297831.jpg,File_name_2022-09-12T11_53_24.917816.csv,28.881043,2022-09-12 11:53:24.297831,VALIDATION,3.117221,3.0459971,0.071223974,3.2396122068580033,3.204179511111111
File_name_2022-09-12T11_55_47.449873.jpg,File_name_2022-09-12T11_55_48.052078.csv,28.844242,2022-09-12 11:55:47.449873,VALIDATION,3.1753902,3.0525665,0.122823715,3.2478596864579705,3.204179511111111
File_name_2022-09-12T11_58_23.896267.jpg,File_name_2022-09-12T11_58_24.508194.csv,29.403003,2022-09-12 11:58:23.896267,VALIDATION,3.2080822,3.0576808,0.15040135,3.254280377071742,3.204179511111111
File_name_2022-09-12T12_02_54.028142.jpg,File_name_2022-09-12T12_02_54.618156.csv,25.200267,2022-09-12 12:02:54.028142,VALIDATION,3.284375,3.0401661,0.24420881,3.2322917432620266,3.204179511111111
File_name_2022-09-12T12_05_03.715373.jpg,File_name_2022-09-12T12_05_04.295981.csv,28.647804,2022-09-12 12:05:03.715373,VALIDATION,3.1694715,3.0087874,0.16068411,3.19289770604044,3.203321366666667
File_name_2022-09-12T12_07_18.678349.jpg,File_name_2022-09-12T12_07_19.259824.csv,28.873489,2022-09-12 12:07:18.678349,VALIDATION,3.18301,3.0182874,0.16472268,3.2048243745641547,3.204179511111111
File_name_2022-09-12T12_09_54.485166.jpg,File_name_2022-09-12T12_09_55.067650.csv,28.566693,2022-09-12 12:09:54.485166,VALIDATION,3.224823,2.9973505,0.22747254,3.1785393781205595,3.203321366666667
File_name_2022-09-12T12_12_23.592235.jpg,File_name_2022-09-12T12_12_24.172883.csv,29.371817,2022-09-12 12:12:23.592235,VALIDATION,3.1221995,2.955036,0.16716361,3.125416113357749,3.1221995
File_name_2022-09-12T12_15_22.826399.jpg,File_name_2022-09-12T12_15_23.420575.csv,28.819592,2022-09-12 12:15:22.826399,VALIDATION,3.2156696,2.983838,0.23183155,3.161575261444066,3.203321366666667
File_name_2022-09-12T12_17_36.731095.jpg,File_name_2022-09-12T12_17_37.333008.csv,28.711655,2022-09-12 12:17:36.731095,VALIDATION,3.235718,3.0129328,0.22278523,3.198102002008673,3.204179511111111
File_name_2022-09-12T12_19_54.036670.jpg,File_name_2022-09-12T12_19_54.627989.csv,28.792364,2022-09-12 12:19:54.036670,VALIDATION,3.2249675,3.0142624,0.21070504,3.199771233426475,3.204179511111111
File_name_2022-09-12T12_22_12.023077.jpg,File_name_2022-09-12T12_22_12.616152.csv,28.485843,2022-09-12 12:22:12.023077,VALIDATION,3.267176,3.0439632,0.22321272,3.2370587698990154,3.204179511111111
File_name_2022-09-12T12_27_16.916823.jpg,File_name_2022-09-12T12_27_17.490559.csv,28.124509,2022-09-12 12:27:16.916823,VALIDATION,3.5517058,3.1249263,0.4267795,3.3387029863571547,3.5517058
File_name_2022-09-12T12_29_20.697502.jpg,File_name_2022-09-12T12_29_21.299161.csv,28.799317,2022-09-12 12:29:20.697502,TEST,3.2999995,2.9666233,0.33337617,3.139963259271942,3.154835546303266
File_name_2022-09-12T12_31_21.195184.jpg,File_name_2022-09-12T12_31_21.777251.csv,29.558765,2022-09-12 12:31:21.195184,TEST,3.3207216,2.9605298,0.36019182,3.132313242993073,3.137672984865403
File_name_2022-09-12T12_33_54.210917.jpg,File_name_2022-09-12T12_33_54.771547.csv,29.278415,2022-09-12 12:33:54.210917,TEST,3.3717272,3.012078,0.35964918,3.197028852929296,3.204002557892818
File_name_2022-09-12T12_35_57.319118.jpg,File_name_2022-09-12T12_35_57.900339.csv,29.673036,2022-09-12 12:35:57.319118,TEST,3.4056232,2.9820225,0.42360067,3.1592960123172444,3.1982079457607107
File_name_2022-09-12T12_38_02.631694.jpg,File_name_2022-09-12T12_38_03.192825.csv,29.145977,2022-09-12 12:38:02.631694,TEST,3.4251175,2.9521842,0.4729333,3.121835853010809,3.1221995
File_name_2022-09-12T12_40_06.290407.jpg,File_name_2022-09-12T12_40_06.873881.csv,28.802105,2022-09-12 12:40:06.290407,TEST,3.4977517,2.9316416,0.56611013,3.0960458760828873,3.1221995
File_name_2022-09-12T12_42_13.515769.jpg,File_name_2022-09-12T12_42_14.105365.csv,28.113954,2022-09-12 12:42:13.515769,TEST,3.5304909,2.970473,0.5600178,3.1447963219893884,3.1656783645140387
File_name_2022-09-12T12_44_33.235815.jpg,File_name_2022-09-12T12_44_33.825826.csv,28.498974,2022-09-12 12:44:33.235815,TEST,3.591145,3.0285468,0.5625982,3.2177044233064906,3.204179511111111
File_name_2022-09-12T12_46_37.933986.jpg,File_name_2022-09-12T12_46_38.530317.csv,29.81654,2022-09-12 12:46:37.933986,TEST,3.6011822,2.9816723,0.61950994,3.1588563576522968,3.197221594892485
File_name_2022-09-12T12_48_50.150869.jpg,File_name_2022-09-12T12_48_50.735742.csv,29.181686,2022-09-12 12:48:50.150869,TEST,3.6265364,2.9566562,0.66988015,3.127450175288498,3.1267628514468893
File_name_2022-09-12T12_50_47.293100.jpg,File_name_2022-09-12T12_50_47.849732.csv,29.219578,2022-09-12 12:50:47.293100,TEST,3.6476896,2.9620798,0.6856098,3.1342591731206264,3.1420386154929054
File_name_2022-09-12T12_52_53.015438.jpg,File_name_2022-09-12T12_52_53.637548.csv,28.767059,2022-09-12 12:52:53.015438,TEST,3.6406634,3.0418851,0.59877825,3.234449842545423,3.204179511111111
File_name_2022-09-12T12_58_12.605241.jpg,File_name_2022-09-12T12_58_13.177880.csv,28.97321,2022-09-12 12:58:12.605241,TEST,3.1870105,2.8688107,0.31819987,3.017165526888505,3.1221995
File_name_2022-09-12T13_00_26.578508.jpg,File_name_2022-09-12T13_00_27.148516.csv,30.087266,2022-09-12 13:00:26.578508,TEST,2.056206,2.5894334,0.53322744,2.6664244268726884,3.1221995
